Job Title,Location,Company,Time of Publishment,Job Type,Years of Experience,Skills
Data Science Software Engineer Intern,"Cairo, Egypt",Seuqel Solutions -,30 minutes ago,Internship,Student,"['· IT/Software Development', '· Engineering - Telecom/Technology']"
Data Science/Machine learning/AI Instructor,"Nasr City, Cairo, Egypt",EpsilonAI -,18 days ago,"Full Time
Part Time",Entry Level,"['· IT/Software Development', '· Engineering - Telecom/Technology', '· Training/Instructor']"
Data Management Engineer,"Cairo, Egypt",Ejada -,9 days ago,Full Time,Entry Level,"['· IT/Software Development', '· Engineering - Telecom/Technology']"
Data Analyst,"Zamalek, Cairo, Egypt",Al Ahly capital holding - Al Ahly Tamkeen -,9 days ago,Full Time,Experienced,"['· IT/Software Development', '· Analyst/Research', '· Engineering - Telecom/Technology']"
Senior Big Data Engineer,"Cairo, Egypt",BBI-Consultancy -,11 days ago,Full Time,Experienced,['· IT/Software Development']
Senior Data Modeler,"Cairo, Egypt",BBI-Consultancy -,11 days ago,Full Time,Experienced,['· IT/Software Development']
"Data Scientist ""Senior/Lead""","New Cairo, Cairo, Egypt",Confidential -,17 days ago,Full Time,Experienced,"['· R&D/Science', '· IT/Software Development']"
Data Engineer,"Maadi, Cairo, Egypt",Wadi Degla Clubs Company -,15 days ago,Full Time,Experienced,"['· IT/Software Development', '· Analyst/Research', '· Engineering - Telecom/Technology']"
Data Analysis/Analytics Instructor (Excel - Power BI),"Nasr City, Cairo, Egypt",EpsilonAI -,18 days ago,"Full Time
Part Time
Freelance / Project",Entry Level,"['· IT/Software Development', '· Analyst/Research', '· Training/Instructor']"
Data Analyst,"Maadi, Cairo, Egypt",Hands of Hope Physical Therapy & Wellness -,21 days ago,Full Time,Experienced,"['· R&D/Science', '· IT/Software Development', '· Analyst/Research']"
Data Analyst,"Cairo, Egypt",Nugttah -,24 days ago,Full Time,Entry Level,"['· IT/Software Development', '· Engineering - Telecom/Technology']"
Data Analyst (On-Site),"Dokki, Giza, Egypt",Union Coop -,29 days ago,Full Time,Experienced,"['· IT/Software Development', '· Analyst/Research']"
data security engineer,"Mohandessin, Giza, Egypt",AMLAK Finance - Egypt -,1 month ago,Full Time,Experienced,"['· IT/Software Development', '· Engineering - Telecom/Technology']"
Data Scientist,"Cairo, Egypt",Monty Mobile -,1 month ago,Full Time,Experienced,['· Engineering - Telecom/Technology']
Senior Data Modeler (KSA),"Riyadh, Saudi Arabia",Ejada -,1 month ago,Full Time,Experienced,"['· IT/Software Development', '· Engineering - Telecom/Technology']"
Senior Data Management Engineer,"Cairo, Egypt",Ejada -,9 days ago,Full Time,Experienced,"['· IT/Software Development', '· Engineering - Telecom/Technology']"
Data Analyst,"Heliopolis, Cairo, Egypt",Confidential -,2 days ago,Full Time,Experienced,"['· Business Development', '· Analyst/Research']"
Data Scientist Manager,"Shubra, Cairo, Egypt",Tamweely -,10 days ago,Full Time,Manager,['· Analyst/Research']
Senior Big Data ETL Engineer (KSA),"Riyadh, Saudi Arabia",Ejada -,14 days ago,Full Time,Experienced,"['· IT/Software Development', '· Engineering - Telecom/Technology']"
ERP System Master Data Owner,"New Nozha, Cairo, Egypt",Confidential -,4 days ago,Full Time,Entry Level,['· Other']
BI Developer (On-Site),"Dokki, Giza, Egypt",Union Coop -,6 hours ago,Full Time,Experienced,"['· IT/Software Development', '· Analyst/Research']"
Senior Sales Account Manager (IT Infrastructure),"Nasr City, Cairo, Egypt",Confidential -,21 hours ago,Full Time,Experienced,"['· IT/Software Development', '· Sales/Retail', '· Engineering - Telecom/Technology']"
Software Business Analyst,"Dokki, Giza, Egypt",WSC -,24 hours ago,Full Time,Experienced,"['· IT/Software Development', '· Analyst/Research', '· Engineering - Telecom/Technology']"
Senior BI Developer,"Maadi, Cairo, Egypt",FlairsTech -,10 days ago,"Full Time
Work From Home",Experienced,"['· IT/Software Development', '· Engineering - Telecom/Technology']"
Project Manager - Data Networks (ICT),"Heliopolis, Cairo, Egypt",SABA -,16 days ago,Full Time,Experienced,"['· IT/Software Development', '· Project/Program Management', '· Engineering - Telecom/Technology']"
Senior Sales Analyst (Power BI),"10th of Ramadan City, Cairo, Egypt",Alarabia Group -,8 days ago,Full Time,Experienced,"['· IT/Software Development', '· Analyst/Research', '· Sales/Retail']"
Business analyst,"Maadi, Cairo, Egypt",Dawi Clinics -,2 days ago,Full Time,Experienced,"['· IT/Software Development', '· Analyst/Research']"
Front End Developer (Vue.js),"Haram, Giza, Egypt",Dafa -,3 days ago,Full Time,Experienced,"['· IT/Software Development', '· Engineering - Telecom/Technology']"
Head of Data team,"Dokki, Giza, Egypt",Edentech -,1 month ago,Full Time,Manager,"['· R&D/Science', '· IT/Software Development', '· Engineering - Telecom/Technology']"
Senior Data Engineer,"Smart Village, Giza, Egypt",Confidential -,1 month ago,Full Time,Senior Management,"['· IT/Software Development', '· Engineering - Telecom/Technology']"
System Analyst ( software house Company ),"Heliopolis, Cairo, Egypt",Houya Arrow -,12 days ago,Full Time,Experienced,"['· IT/Software Development', '· Analyst/Research', '· Engineering - Telecom/Technology']"
Business Intelligence Developer,"Sheraton, Cairo, Egypt",Egabi FSI -,9 days ago,Full Time,Experienced,"['· Banking', '· IT/Software Development']"
Data Analyst,"New Cairo, Cairo, Egypt",ITCan -,1 month ago,Full Time,Experienced,['· Analyst/Research']
Senior Data Management Engineer,"Nasr City, Cairo, Egypt",BBI-Consultancy -,2 months ago,Full Time,Experienced,"['· IT/Software Development', '· Engineering - Telecom/Technology']"
Senior Business Analyst,"Sheraton, Cairo, Egypt",Egabi FSI -,16 days ago,Full Time,Experienced,"['· IT/Software Development', '· Analyst/Research', '· Engineering - Telecom/Technology']"
Senior Power BI Developer,"Maadi, Cairo, Egypt",Ghassan Ahmed Alsulaiman for Electronic Services -,17 days ago,Full Time,Experienced,"['· IT/Software Development', '· Engineering - Telecom/Technology']"
Junior Data protection (system engineer),"New Cairo, Cairo, Egypt",Confidential -,2 months ago,Full Time,Entry Level,"['· IT/Software Development', '· Engineering - Telecom/Technology']"
Quality Assurance Specialist,"10th of Ramadan City, Sharqia, Egypt",El Mohandess Print House -,21 days ago,Full Time,Experienced,"['· Manufacturing/Production', '· Quality']"
Senior Power BI Developer,"Maadi, Cairo, Egypt",FlairsTech -,23 days ago,Full Time,Experienced,"['· Installation/Maintenance/Repair', '· IT/Software Development']"
SQL Database Lead,"New Cairo, Cairo, Egypt",Ibn Sina Pharma -,23 days ago,Full Time,Experienced,"['· Installation/Maintenance/Repair', '· IT/Software Development', '· Engineering - Telecom/Technology']"
"Senior Presales Engineer (BI, Data Management and Cloud)","Nasr City, Cairo, Egypt",BBI-Consultancy -,2 months ago,Full Time,Experienced,"['· IT/Software Development', '· Engineering - Telecom/Technology']"
Senior C++ Developer,"Dokki, Giza, Egypt",RDI -,29 days ago,Full Time,Experienced,"['· IT/Software Development', '· Engineering - Telecom/Technology']"
Master Data Analytics and Insights Senior Officer,"6th of October, Giza, Egypt",Ghabbour Auto -,2 months ago,Full Time,Experienced,['· Analyst/Research']
Data Analyst,"Sheikh Zayed, Giza, Egypt",JoviTronix -,2 months ago,Full Time,Experienced,"['· IT/Software Development', '· Analyst/Research', '· Engineering - Telecom/Technology']"
Data Administrator Trainee,"Nasr City, Cairo, Egypt",LEONI Wiring System Egypt S.A.E -,1 month ago,Full Time,Entry Level,['· IT/Software Development']
Data Entry Specialist,"Heliopolis, Cairo, Egypt",Micro Engineering -,1 month ago,"Full Time
Shift Based",Entry Level,"['· Administration', '· R&D/Science', '· Customer Service/Support']"
Big Data Business Analyst (KSA),"Riyadh, Saudi Arabia",Ejada -,1 month ago,Full Time,Experienced,"['· IT/Software Development', '· Engineering - Telecom/Technology']"
Power BI Analyst,"Nasr City, Cairo, Egypt",Dynamicslink -,1 month ago,Full Time,Experienced,"['· IT/Software Development', '· Engineering - Telecom/Technology']"
Senior Business Intelligence Specialist,"Nasr City, Cairo, Egypt",Johnson Controls -,1 month ago,Full Time,Experienced,"['· Business Development', '· IT/Software Development']"
IT Director (Hotels Experience),"Alexandria, Egypt",Paradise Inn Hotels & Resorts -,2 days ago,"Full Time
Shift Based",Manager,"['· IT/Software Development', '· Engineering - Telecom/Technology']"
Senior Developer- Microsoft Dynamics 365 F&O,"Cairo, Egypt",Ofoq Consulting -,1 hour ago,"Full Time
Work From Home",Experienced,"['· IT/Software Development', '· Engineering - Telecom/Technology']"
Junior Operations Engineer - Network/Cloud,"Giza, Egypt",Link Datacenter -,2 days ago,Full Time,Entry Level,"['· Installation/Maintenance/Repair', '· IT/Software Development', '· Engineering - Telecom/Technology']"
Business Analyst,"Dokki, Giza, Egypt",Refilex -,3 days ago,Freelance / Project,Experienced,"['· IT/Software Development', '· Analyst/Research', '· Engineering - Telecom/Technology']"
Computer vision team lead,"Dokki, Giza, Egypt",Edentech -,1 month ago,Full Time,Manager,['· Engineering - Other']
IT Section Head,"khanka, Qalubia, Egypt",Confidential -,4 days ago,Full Time,Experienced,"['· Installation/Maintenance/Repair', '· IT/Software Development', '· Engineering - Telecom/Technology']"
Odoo Developer,"Dubai, United Arab Emirates",Rashid Al Jabri Group -,5 days ago,Full Time,Experienced,['· IT/Software Development']
Data Analyst,"Minya, Egypt",Cleopatra Cement -,2 months ago,Full Time,Entry Level,"['· IT/Software Development', '· Analyst/Research']"
Senior backend developer – java,"Cairo, Egypt",Informatique Education -,8 days ago,Full Time,Experienced,"['· IT/Software Development', '· Engineering - Telecom/Technology']"
Senior Python Developer (Relocation),"Sofia, Bulgaria",Musala Soft -,2 days ago,Full Time,Experienced,['· IT/Software Development']
Senior Salesforce Developer,"Cairo, Egypt",ARROW Electronics -,4 days ago,Full Time,Experienced,"['· IT/Software Development', '· Engineering - Telecom/Technology']"
R&D Stability Analyst,"6th of October, Giza, Egypt",Al Andalous Pharmaceutical Industries -,1 day ago,Full Time,Entry Level,"['· R&D/Science', '· Manufacturing/Production', '· Pharmaceutical']"
Senior Elixir Developer,"Cairo, Egypt",FlairsTech -,7 days ago,Full Time,Experienced,"['· IT/Software Development', '· Engineering - Telecom/Technology']"
Database Administrator,"6th of October, Giza, Egypt",Perfect Presentation -,10 days ago,Full Time,Experienced,['· IT/Software Development']
Senior SAP FICO Consultant,"Downtown, Cairo, Egypt",Elhazek Construction -,2 days ago,Full Time,Experienced,"['· Accounting/Finance', '· Engineering - Construction/Civil/Architecture', '· IT/Software Development']"
IT section head,"Qalyub, Qalubia, Egypt",Confidential -,15 days ago,Full Time,Experienced,"['· IT/Software Development', '· Project/Program Management', '· Engineering - Telecom/Technology']"
Senior Android Developer,"Maadi, Cairo, Egypt",Your Parts -,4 days ago,Full Time,Experienced,"['· IT/Software Development', '· Engineering - Telecom/Technology']"
web developer (Back end ) using php &laravel,"Maadi, Cairo, Egypt",Leadintop -,3 days ago,"Full Time
Work From Home",Experienced,['· IT/Software Development']
Full Stack Developer - Laravel/ReactJS/VueJS (FinTech/Community),"Smart Village, Giza, Egypt",Bright Creations -,19 hours ago,Full Time,Experienced,"['· IT/Software Development', '· Engineering - Telecom/Technology']"
Senior PHP Backend Developer,"Dokki, Giza, Egypt",Kick Start Interactive -,9 days ago,Full Time,Experienced,['· IT/Software Development']
Senior Business Analyst,"Cairo, Egypt",Guardian towing -,1 day ago,Full Time,Manager,"['· Business Development', '· Project/Program Management', '· Analyst/Research']"
Senior .NET Developer,"Nasr City, Cairo, Egypt",Confidential -,3 days ago,Full Time,Experienced,"['· IT/Software Development', '· Engineering - Telecom/Technology']"
Odoo Developer,"Nasr City, Cairo, Egypt",Al-hakeema -,4 days ago,Full Time,Experienced,['· IT/Software Development']
Senior Linux System Administrator,"Cairo, Egypt",3D Diagnostix -,4 days ago,Full Time,Manager,"['· Installation/Maintenance/Repair', '· IT/Software Development', '· Engineering - Telecom/Technology']"
Senior Android Developer,"Maadi, Cairo, Egypt",Al Ahly Momkn for e-payment -,3 hours ago,Full Time,Experienced,"['· IT/Software Development', '· Engineering - Telecom/Technology']"
Senior iOS Developer,"Maadi, Cairo, Egypt",Al Ahly Momkn for e-payment -,3 hours ago,Full Time,Experienced,"['· IT/Software Development', '· Engineering - Telecom/Technology']"
Food Safety Supervisor,"New Cairo, Cairo, Egypt",Blue Ribbon -,23 hours ago,Full Time,Experienced,"['· Hospitality/Hotels/Food Services', '· Quality', '· Engineering - Other']"
iOS Mobile Developer,"Mansoura, Dakahlia, Egypt","qTech. ""AlQemam"" -",1 month ago,Full Time,Experienced,"['· IT/Software Development', '· Engineering - Telecom/Technology']"
Team leader & Senior Fullstack Developer,"Cairo, Egypt",Exceed -,6 days ago,"Full Time
Work From Home",Experienced,"['· IT/Software Development', '· Engineering - Telecom/Technology']"
Experienced Java Spring Developer,"New Cairo, Cairo, Egypt",Yespays -,1 day ago,"Full Time
Part Time",Experienced,"['· Creative/Design/Art', '· IT/Software Development', '· Engineering - Telecom/Technology']"
Cloud Cybersecurity Supervisor,"Jeddah, Saudi Arabia",Ejada -,11 days ago,Full Time,Experienced,"['· Banking', '· IT/Software Development']"
Senior iOS Developer,"Maadi, Cairo, Egypt",Your Parts -,4 days ago,Full Time,Experienced,"['· IT/Software Development', '· Engineering - Telecom/Technology']"
HL7 Interface Developer,"Maadi, Cairo, Egypt",Confidential -,2 days ago,Full Time,Experienced,['· IT/Software Development']
Android Developer,"6th of October, Giza, Egypt",Fawry for Banking Technology and Electronic Payments S.A.E -,10 days ago,Full Time,Experienced,"['· IT/Software Development', '· Engineering - Telecom/Technology']"
Research Scientist (Agricultural microbiology),"Nasr City, Cairo, Egypt",HITS Technologies -,15 days ago,"Part Time
Freelance / Project",Experienced,"['· R&D/Science', '· Analyst/Research']"
Mid Junior Testing Engineer,"Maadi, Cairo, Egypt",Wonder Travel -,7 days ago,Full Time,Experienced,"['· IT/Software Development', '· Quality', '· Engineering - Telecom/Technology']"
Java Team Lead,"Maadi, Cairo, Egypt",Wonder Travel -,8 days ago,Full Time,Manager,"['· IT/Software Development', '· Engineering - Telecom/Technology']"
Full Stack Developer (Junior or mid level) (.net - angular/react),"Hadayek Alahram, Giza, Egypt",MiracleEgypt -,21 hours ago,Full Time,Entry Level,['· IT/Software Development']
Devops Engineer,"Heliopolis, Cairo, Egypt",Easy Cash -,10 days ago,Full Time,Experienced,"['· IT/Software Development', '· Engineering - Telecom/Technology']"
Senior Backend Developer (Node js) -Saudi Team,"San Stefano, Alexandria, Egypt",Procrew -,14 days ago,"Part Time
Work From Home",Experienced,"['· IT/Software Development', '· Engineering - Telecom/Technology']"
Devops Engineer,"New Cairo, Cairo, Egypt",Reach -,1 hour ago,"Part Time
Work From Home",Experienced,"['· IT/Software Development', '· Engineering - Telecom/Technology']"
Backend Developer (PHP Laravel),"Dokki, Giza, Egypt",Cloud Secrets -,15 days ago,Full Time,Experienced,"['· IT/Software Development', '· Engineering - Telecom/Technology', '· Engineering - Other']"
Senior Oracle HCM Functional Consultant,"Riyadh, Saudi Arabia",Ejada -,9 days ago,Full Time,Experienced,['· IT/Software Development']
Odoo Developer,"Cairo, Egypt",arabianopensource -,2 days ago,"Full Time
Part Time",Experienced,['· IT/Software Development']
Oracle Apex Developer,"6th of October, Giza, Egypt",Dorra Group -,3 days ago,Full Time,Experienced,"['· IT/Software Development', '· Engineering - Telecom/Technology']"
R&D Methodology Analyst,"6th of October, Giza, Egypt",Al Andalous Pharmaceutical Industries -,1 day ago,Full Time,Entry Level,"['· R&D/Science', '· Analyst/Research', '· Pharmaceutical']"
BI Analyst,"6th of October, Giza, Egypt",Confidential -,18 days ago,Full Time,Entry Level,['· Engineering - Telecom/Technology']
Technical Support Engineer,"Dokki, Giza, Egypt",Bevatel -,11 days ago,Full Time,Experienced,['· IT/Software Development']
Senior iOS Developer,"Maadi, Cairo, Egypt",Friendy Car -,11 days ago,Full Time,Experienced,"['· IT/Software Development', '· Engineering - Telecom/Technology']"
Server Administrator,"Cairo, Egypt",Arabia for Information Technology -,10 days ago,Full Time,Experienced,['· IT/Software Development']
Senior .Net Software Developer,"New Cairo, Cairo, Egypt",BI-Technologies -,11 days ago,Full Time,Experienced,"['· IT/Software Development', '· Engineering - Telecom/Technology']"
Senior Full Stack Developer,"Heliopolis, Cairo, Egypt",Trufla -,21 days ago,Full Time,Experienced,"['· IT/Software Development', '· Engineering - Telecom/Technology']"
Senior SOC Engineer,"Dokki, Giza, Egypt",Union Coop -,23 days ago,Full Time,Experienced,"['· IT/Software Development', '· Engineering - Telecom/Technology']"
Quality Control Analyst,"6th of October, Giza, Egypt",Hikma Pharmaceuticals -,15 days ago,Full Time,Entry Level,"['· R&D/Science', '· Quality', '· Analyst/Research']"
Bioinformatician (Proteomics & Drug design),"Nasr City, Cairo, Egypt",HITS Technologies -,16 days ago,"Part Time
Freelance / Project",Entry Level,"['· R&D/Science', '· Analyst/Research']"
Full Stack .NET Developer,"Heliopolis, Cairo, Egypt",Luftborn -,8 days ago,Full Time,Experienced,"['· Installation/Maintenance/Repair', '· IT/Software Development', '· Engineering - Telecom/Technology']"
Senior BI Developer,"Maadi, Cairo, Egypt",Softec Technologies -,17 days ago,Full Time,Experienced,"['· IT/Software Development', '· Engineering - Telecom/Technology']"
Oracle Fusion Technical Consultant (Cairo & Alex),"Cairo, Egypt",Ejada -,9 days ago,Full Time,Experienced,['· IT/Software Development']
System Expert,"New Cairo, Cairo, Egypt",Transmar International -,18 days ago,Full Time,Experienced,['· IT/Software Development']
Regulatory Affairs Specialist (French Speaker),"New Cairo, Cairo, Egypt",Target Recruitment & HR Solutions -,14 days ago,Full Time,Experienced,"['· Manufacturing/Production', '· Medical/Healthcare']"
Senior iOS Developer,"Maadi, Cairo, Egypt",Confidential -,11 minutes ago,Full Time,Experienced,['· IT/Software Development']
Mechanical Technician,"Cairo, Egypt",Confidential -,17 hours ago,Full Time,Experienced,"['· Installation/Maintenance/Repair', '· IT/Software Development', '· Engineering - Mechanical/Electrical']"
Security Specialist,"Maadi, Cairo, Egypt",Sykes Enterprises -,19 hours ago,Full Time,Experienced,"['· Customer Service/Support', '· IT/Software Development', '· Engineering - Telecom/Technology']"
Python Developer (FinTech),"Smart Village, Giza, Egypt",Bright Creations -,19 hours ago,"Full Time
Freelance / Project",Experienced,"['· IT/Software Development', '· Engineering - Telecom/Technology']"
ReactJS Frontend Developer,"Smart Village, Giza, Egypt",Bright Creations -,20 hours ago,"Full Time
Freelance / Project
Work From Home",Experienced,"['· IT/Software Development', '· Engineering - Telecom/Technology']"
React Native Developer & ReactJS,"Maadi, Cairo, Egypt",SSC Egypt -,1 day ago,Full Time,Experienced,['· IT/Software Development']
Senior Network & Security Admin,"Sheikh Zayed, Giza, Egypt",Seoudi Supermarket -,2 days ago,Full Time,Experienced,"['· Installation/Maintenance/Repair', '· IT/Software Development', '· Engineering - Telecom/Technology']"
Mid /Senior Full Stack .Net Developer,"New Cairo, Cairo, Egypt",ICIS -,3 days ago,Full Time,Experienced,"['· IT/Software Development', '· Engineering - Telecom/Technology']"
Environmental Specialist- Engineer,"6th of October, Giza, Egypt",Confidential -,1 hour ago,Full Time,Experienced,"['· R&D/Science', '· Quality', '· Engineering - Oil & Gas/Energy']"
Senior DevOps Engineer,"Nasr City, Cairo, Egypt",Digi Visions -,4 days ago,"Full Time
Work From Home",Experienced,"['· IT/Software Development', '· Engineering - Telecom/Technology']"
Junior Back-End Developer,"Heliopolis, Cairo, Egypt",Digital Experts -,15 days ago,Full Time,Experienced,"['· IT/Software Development', '· Engineering - Telecom/Technology']"
Network Engineer,"Madinaty, Cairo, Egypt",Talaat Moustafa Group -,15 days ago,Full Time,Entry Level,"['· Installation/Maintenance/Repair', '· IT/Software Development', '· Engineering - Telecom/Technology']"
AX Developer (Solution Specialist),"Maadi, Cairo, Egypt",Premier Services and Recruitment Overseas -,15 days ago,Full Time,Entry Level,['· IT/Software Development']
SAP Senior SAC Consultant,"New Cairo, Cairo, Egypt",ITGoals -,21 days ago,Full Time,Experienced,"['· Accounting/Finance', '· IT/Software Development', '· Engineering - Telecom/Technology']"
Android Developer,"New Cairo, Cairo, Egypt",Ibn Sina Pharma -,17 days ago,Full Time,Experienced,"['· IT/Software Development', '· Engineering - Telecom/Technology']"
Website Admin,"6th of October, Giza, Egypt",Shaheen Center -,7 days ago,Full Time,Manager,['· IT/Software Development']
Senior Web Developer - Magento 2,"Maadi, Cairo, Egypt",shop4build -,21 days ago,Full Time,Experienced,"['· IT/Software Development', '· Engineering - Telecom/Technology']"
Chemical Engineer,"6th of October, Giza, Egypt",Eagle Chemicals -,7 days ago,Full Time,Entry Level,"['· R&D/Science', '· Manufacturing/Production', '· Engineering - Other']"
IT on Site Support Specialist (Alex),"Alexandria, Egypt",Majorel Egypt -,8 days ago,Full Time,Entry Level,"['· Installation/Maintenance/Repair', '· IT/Software Development']"
Senior Java Developer,"Giza, Egypt",ARPUPLUS -,8 days ago,Full Time,Experienced,"['· IT/Software Development', '· Engineering - Telecom/Technology']"
IT Support -Help Desk,"New Cairo, Cairo, Egypt",Blue Ribbon -,18 days ago,Full Time,Entry Level,"['· Installation/Maintenance/Repair', '· IT/Software Development', '· Engineering - Telecom/Technology']"
"Senior Front End Developer ""Vue.js ""","Mohandessin, Giza, Egypt",Wakeb Data -,8 days ago,Full Time,Experienced,['· IT/Software Development']
Senior Cybersecurity Application Engineer,"Maadi, Cairo, Egypt",FlairsTech -,9 days ago,Full Time,Experienced,['· IT/Software Development']
Network Engineer,"Heliopolis, Cairo, Egypt",SABA -,9 days ago,Full Time,Experienced,"['· IT/Software Development', '· Engineering - Telecom/Technology']"
PHP Developer,"Maadi, Cairo, Egypt",The Translation Gate -,9 days ago,Full Time,Experienced,"['· IT/Software Development', '· Engineering - Telecom/Technology']"
Cloud DevOps Engineer,"Cairo, Egypt",ServerHub -,19 hours ago,Full Time,Experienced,"['· IT/Software Development', '· Engineering - Telecom/Technology']"
Microsoft Dynamics 365 CRM Developer,"Maadi, Cairo, Egypt",Ghassan Ahmed Alsulaiman for Electronic Services -,17 days ago,Full Time,Experienced,"['· IT/Software Development', '· Engineering - Telecom/Technology']"
Senior Network Security Engineer,"6th of October, Giza, Egypt",Perfect Presentation -,10 days ago,Full Time,Experienced,['· IT/Software Development']
Software Support Engineer,"Heliopolis, Cairo, Egypt",Confidential -,10 days ago,Full Time,Entry Level,"['· IT/Software Development', '· Engineering - Telecom/Technology']"
Tester & Quality Assurance Engineer,"Abu Rawash, Giza, Egypt",ITIDA -,10 days ago,Full Time,Experienced,"['· Quality', '· Engineering - Telecom/Technology']"
Odoo Senior Developer,"6th of October, Giza, Egypt",IT Systems Corporation -,14 days ago,"Full Time
Part Time
Work From Home",Experienced,"['· IT/Software Development', '· Engineering - Telecom/Technology']"
Planning Specialist,"6th of October, Giza, Egypt",Rameda -,3 days ago,Full Time,Experienced,"['· Logistics/Supply Chain', '· Medical/Healthcare', '· Pharmaceutical']"
ABAP Developer - SAP,"6th of October, Giza, Egypt",Confidential -,3 days ago,Full Time,Experienced,['· IT/Software Development']
"Software Project Manager, Scrum Master","Haram, Giza, Egypt",Dafa -,4 days ago,Full Time,Experienced,"['· IT/Software Development', '· Project/Program Management', '· Engineering - Telecom/Technology']"
Testing Specialist,"Dokki, Giza, Egypt",Amideast -,4 days ago,Full Time,Experienced,"['· Administration', '· Customer Service/Support', '· Operations/Management']"
Senior Android Developer,"Maadi, Cairo, Egypt",Friendy Car -,11 days ago,Full Time,Experienced,"['· IT/Software Development', '· Engineering - Telecom/Technology']"
Java Senior Back-End Developer,"Nasr City, Cairo, Egypt",Mobilar -,15 days ago,"Full Time
Work From Home",Experienced,"['· IT/Software Development', '· Engineering - Telecom/Technology']"
Sr. BI & Reporting Specialist,"Mokattam, Cairo, Egypt",Masary -,18 days ago,Full Time,Experienced,"['· Accounting/Finance', '· Business Development', '· Engineering - Telecom/Technology']"
QA EDA & Lot Release Specialist,"6th of October, Giza, Egypt",Rameda -,15 days ago,Full Time,Entry Level,"['· R&D/Science', '· Quality', '· Pharmaceutical']"
Senior Full Stack Developer - (.Net Core + Angular),"New Cairo, Cairo, Egypt",CrossWorkers -,16 days ago,Full Time,Experienced,"['· IT/Software Development', '· Engineering - Telecom/Technology']"
Senior UX/UI Designer,"Nasr City, Cairo, Egypt",International Advanced -,16 days ago,Full Time,Experienced,"['· Creative/Design/Art', '· IT/Software Development']"
Java Software Developer,"6th of October, Giza, Egypt",Aman -,7 days ago,Full Time,Experienced,"['· IT/Software Development', '· Engineering - Telecom/Technology']"
Software Tester,"Heliopolis, Cairo, Egypt",Houya Arrow -,16 days ago,Full Time,Experienced,"['· IT/Software Development', '· Quality']"
"Infrastructure Engineer, Fintech","Downtown, Cairo, Egypt",Optasia -,24 days ago,Full Time,Experienced,"['· IT/Software Development', '· Engineering - Telecom/Technology']"
Tech Lead - MERN Stack with Dev Ops,"Cairo, Egypt",Seuqel Solutions -,9 days ago,Full Time,Experienced,"['· IT/Software Development', '· Engineering - Telecom/Technology']"
Senior GoLang Developer,"Cairo, Egypt",GetTechForce.com -,22 days ago,"Full Time
Work From Home",Experienced,"['· IT/Software Development', '· Engineering - Telecom/Technology']"
Infrastructure Engineer,"6th of October, Giza, Egypt",Perfect Presentation -,10 days ago,Full Time,Experienced,['· IT/Software Development']
Infrastructure Consultant,"6th of October, Giza, Egypt",Perfect Presentation -,10 days ago,Full Time,Experienced,['· IT/Software Development']
Systems Consultant,"6th of October, Giza, Egypt",Perfect Presentation -,10 days ago,Full Time,Experienced,['· IT/Software Development']
IT Specialist,"Agouza, Giza, Egypt",National Electricity Technology Co. -,10 days ago,Full Time,Entry Level,"['· Installation/Maintenance/Repair', '· IT/Software Development']"
Sr. PHP Developer,"Heliopolis, Cairo, Egypt",appcorp -,10 days ago,Full Time,Experienced,"['· IT/Software Development', '· Engineering - Telecom/Technology']"
Senior Backend Developer,"Nasr City, Cairo, Egypt",Lun Development -,10 days ago,Full Time,Experienced,['· IT/Software Development']
IT System Administrator,"Alexandria, Egypt",GIECO -,10 days ago,Full Time,Experienced,"['· Installation/Maintenance/Repair', '· IT/Software Development', '· Engineering - Telecom/Technology']"
Technical Advisor (French Speakers),"6th of October, Giza, Egypt",NOK for Human Capital Solutions -,14 days ago,Full Time,Entry Level,"['· IT/Software Development', '· Engineering - Telecom/Technology']"
IT Manager,"6th of October, Giza, Egypt",etisal for advanced industries -,22 days ago,Full Time,Manager,"['· IT/Software Development', '· Project/Program Management', '· Engineering - Telecom/Technology']"
Android/iOS Developer,"Maadi, Cairo, Egypt",El-Deeb Auto -,17 days ago,Freelance / Project,Entry Level,['· IT/Software Development']
IT Help Desk,"Maadi, Cairo, Egypt",Q Desgin -,22 days ago,Full Time,Entry Level,"['· Installation/Maintenance/Repair', '· IT/Software Development', '· Engineering - Telecom/Technology']"
Senior Copywriter- Alexandria,"San Stefano, Alexandria, Egypt",Caduceus Lane -,15 days ago,Full Time,Experienced,['· Writing/Editorial']
Linux System Administrator,"Maadi, Cairo, Egypt",3D Diagnostix -,18 days ago,Full Time,Entry Level,"['· Installation/Maintenance/Repair', '· IT/Software Development', '· Engineering - Telecom/Technology']"
Sr. Backend Developer (PHP/Node.js),"Nasr City, Cairo, Egypt",Al-hakeema -,15 days ago,Full Time,Experienced,['· IT/Software Development']
BI & DWH Sr. Specialist,"Maadi, Cairo, Egypt",Masary -,2 months ago,Full Time,Experienced,['· IT/Software Development']
SAP Senior Basis Consultant,"New Cairo, Cairo, Egypt",ITGoals -,21 days ago,Full Time,Experienced,"['· Accounting/Finance', '· IT/Software Development', '· Engineering - Telecom/Technology']"
Assistant Professor/Lecturer in Computer Science,"Cairo, Egypt",El Sewedy Education - The Knowledge Hub Universities -,2 months ago,Full Time,Experienced,['· Education/Teaching']
Flutter Developer,"Maadi, Cairo, Egypt",Masary -,21 days ago,Full Time,Experienced,"['· IT/Software Development', '· Engineering - Telecom/Technology']"
Microsoft dynamics F&O leader,"Maadi, Cairo, Egypt",Centro CDX -,22 days ago,Full Time,Experienced,"['· Accounting/Finance', '· IT/Software Development', '· Logistics/Supply Chain']"
Senior Backend Engineer,"Cairo, Egypt",WUZZUF -,17 days ago,Full Time,Experienced,['· IT/Software Development']
Software Quality Control Team Lead,"Maadi, Cairo, Egypt",Confidential -,17 days ago,Full Time,Manager,"['· IT/Software Development', '· Quality', '· Engineering - Telecom/Technology']"
Oracle HCM Cloud Techno Functional Consultant (Maadi),"Maadi, Cairo, Egypt",Ghassan Ahmed Alsulaiman for Electronic Services -,17 days ago,Full Time,Experienced,"['· IT/Software Development', '· Engineering - Telecom/Technology']"
PMO Analyst,"Cairo, Egypt",IT Systems Corporation -,14 days ago,Full Time,Manager,"['· IT/Software Development', '· Project/Program Management', '· Engineering - Telecom/Technology']"
Technical Lead (On-Site),"Dokki, Giza, Egypt",Union Coop -,17 days ago,Full Time,Manager,"['· IT/Software Development', '· Engineering - Telecom/Technology']"
Medical Affairs Lead -Alexandria,"San Stefano, Alexandria, Egypt",Caduceus Lane -,22 days ago,Full Time,Manager,['· Medical/Healthcare']
It Manager,"Sharqia, Egypt",Morcos -,28 days ago,Full Time,Manager,['· IT/Software Development']
Senior Android Developer,"Nasr City, Cairo, Egypt",Algoriza -,24 days ago,"Full Time
Work From Home",Experienced,"['· IT/Software Development', '· Engineering - Telecom/Technology']"
System Administrator - IT Team Leader,"Nasr City, Cairo, Egypt",Engosoft -,18 days ago,Full Time,Manager,"['· Administration', '· IT/Software Development']"
IT Specialist,"New Cairo, Cairo, Egypt",NCC X-calibur -,23 days ago,Full Time,Experienced,"['· Installation/Maintenance/Repair', '· IT/Software Development', '· Engineering - Telecom/Technology']"
Product Specialist - Heliopolis,"Heliopolis, Cairo, Egypt",PRT Scientific Office -,18 days ago,Full Time,Entry Level,"['· Medical/Healthcare', '· Sales/Retail', '· Pharmaceutical']"
Product Specialist - Giza,"Mohandessin, Giza, Egypt",PRT Scientific Office -,18 days ago,Full Time,Entry Level,"['· Medical/Healthcare', '· Sales/Retail', '· Pharmaceutical']"
Full Stack Web Developer,"6th of October, Giza, Egypt",Misr University for Science and Technology -,23 days ago,Full Time,Experienced,['· IT/Software Development']
Senior Products Manager,"Maadi, Cairo, Egypt",almentor -,1 month ago,Full Time,Experienced,['· IT/Software Development']
Java Swing Developer,"Cairo, Egypt",GetTechForce.com -,16 days ago,"Full Time
Work From Home",Experienced,['· IT/Software Development']
Software Analyst,"6th of October, Giza, Egypt",Zewail City -,22 days ago,Full Time,Experienced,['· IT/Software Development']
Full-Stack developer (Laravel),"Haram, Giza, Egypt",Viteeka Tech and Electronics -,22 days ago,"Full Time
Part Time
Work From Home",Experienced,['· IT/Software Development']
Presales Engineer.,"Maadi, Cairo, Egypt",Target Integrated Systems -,17 days ago,Full Time,Experienced,"['· IT/Software Development', '· Sales/Retail', '· Engineering - Telecom/Technology']"
Software Engineering Lead,"Cairo, Egypt",Nacita -,22 days ago,Full Time,Manager,['· IT/Software Development']
Senior Angular Developer (Relocation),"Sofia, Bulgaria",Musala Soft -,22 days ago,Full Time,Experienced,['· IT/Software Development']
Sr. DevOps Engineer,"Heliopolis, Cairo, Egypt",Devexy -,18 days ago,Full Time,Experienced,['· IT/Software Development']
Business Analyst,"Nasr City, Cairo, Egypt",SSC Egypt -,2 months ago,Full Time,Experienced,"['· IT/Software Development', '· Analyst/Research', '· Engineering - Telecom/Technology']"
Senior Full Stack Dot Net Developer,"Mokattam, Cairo, Egypt",Nahr Development -,21 days ago,Full Time,Manager,"['· Business Development', '· IT/Software Development', '· Project/Program Management']"
Senior System analyst,"Maadi, Cairo, Egypt",Masary -,25 days ago,Full Time,Experienced,"['· IT/Software Development', '· Analyst/Research']"
Software Project Manager,"Dokki, Giza, Egypt",Kick Start Interactive -,21 days ago,Full Time,Manager,['· IT/Software Development']
Senior BI Developer,"Maadi, Cairo, Egypt",LINK Development -,2 months ago,Full Time,Experienced,"['· IT/Software Development', '· Engineering - Telecom/Technology']"
IT Technical Support - (Help Desk),"Hurghada, Red Sea, Egypt",Raya Customer Experience -,19 days ago,Full Time,Entry Level,"['· Installation/Maintenance/Repair', '· Engineering - Telecom/Technology']"
Full Stack Developer,"Cairo, Egypt",BPOHIVE -,26 days ago,"Full Time
Work From Home",Experienced,"['· IT/Software Development', '· Engineering - Telecom/Technology']"
Senior Linux / Nginx Admin,"Nasr City, Cairo, Egypt",Universal Payment Services -,24 days ago,Full Time,Experienced,"['· IT/Software Development', '· Engineering - Telecom/Technology']"
Senior iOS Developer (Native),"Cairo, Egypt",Algoriza -,22 days ago,"Full Time
Work From Home",Experienced,"['· IT/Software Development', '· Engineering - Telecom/Technology']"
Production Shift Leader,"Alsadat City, Monufya, Egypt",Evergrow for Speciality Fertilizers -,22 days ago,Full Time,Experienced,"['· Installation/Maintenance/Repair', '· Manufacturing/Production', '· Engineering - Other']"
Flow Cytometry Analyst - Medical,"Sheraton, Cairo, Egypt",siParadigm Egypt -,28 days ago,"Full Time
Work From Home",Entry Level,"['· R&D/Science', '· Medical/Healthcare', '· Pharmaceutical']"
Software Tester | Core Banking,"Maadi, Cairo, Egypt",Expleo -,22 days ago,Full Time,Experienced,"['· Banking', '· IT/Software Development']"
IT Help Desk,"Sheraton, Cairo, Egypt",Amer Vision Group -,26 days ago,Full Time,Experienced,"['· IT/Software Development', '· Engineering - Telecom/Technology']"
Business Development Analyst,"Maadi, Cairo, Egypt",Cilantro -,23 days ago,Full Time,Entry Level,['· Business Development']
Senior Full-Stack Java Developer (Java &Angular),"New Cairo, Cairo, Egypt",CrossWorkers -,30 days ago,Full Time,Experienced,['· IT/Software Development']
System Developer,"6th of October, Giza, Egypt",etisal for advanced industries -,1 month ago,Full Time,Experienced,"['· Installation/Maintenance/Repair', '· IT/Software Development', '· Project/Program Management']"
Assistant Product Manager,"Nasr City, Cairo, Egypt",Infinity Clinic Pharma -,24 days ago,Full Time,Experienced,"['· Marketing/PR/Advertising', '· Medical/Healthcare', '· Sales/Retail']"
Talented PHP Developer,"Giza, Egypt",Elev8Assessments -,22 days ago,"Full Time
Part Time
Work From Home",Experienced,"['· Installation/Maintenance/Repair', '· IT/Software Development', '· Engineering - Telecom/Technology']"
Senior JavaScript Mobile engineer (Angular/Cordova)- Remote,"Cairo, Egypt",GetTechForce.com -,24 days ago,"Full Time
Work From Home",Experienced,"['· IT/Software Development', '· Engineering - Telecom/Technology']"
IT On - Site Support Specialist,"Katameya, Cairo, Egypt",Majorel Egypt -,25 days ago,Full Time,Entry Level,['· IT/Software Development']
Product Manager (Derma),"Nasr City, Cairo, Egypt",prima pharm -,24 days ago,Full Time,Experienced,"['· Marketing/PR/Advertising', '· Medical/Healthcare', '· Pharmaceutical']"
Operational Quality Officer - Giza,"6th of October, Giza, Egypt",Logistica -,1 month ago,Full Time,Entry Level,"['· R&D/Science', '· Quality']"
HR Organization Development Team Leader,"Maadi, Cairo, Egypt",Andalusia Group -,30 days ago,Full Time,Experienced,"['· Administration', '· Human Resources', '· Medical/Healthcare']"
CRM Implementer,"Dokki, Giza, Egypt",Bevatel -,25 days ago,Full Time,Experienced,['· IT/Software Development']
Project Management Engineer - Electrical Panel,"6th of October, Giza, Egypt",Chint Egemac -,25 days ago,Full Time,Experienced,"['· Project/Program Management', '· Engineering - Mechanical/Electrical']"
Node JS Developer,"Cairo, Egypt",IRIS Studio -,27 days ago,"Full Time
Work From Home",Experienced,['· IT/Software Development']
Senior Java Developer,"Cairo, Egypt",Musala Soft -,1 month ago,Full Time,Experienced,['· IT/Software Development']
Senior Software Tester,"Maadi, Cairo, Egypt",Expert Apps -,28 days ago,Full Time,Experienced,"['· IT/Software Development', '· Quality', '· Engineering - Telecom/Technology']"
Java Web Developer,"Cairo, Egypt",Masaref -,30 days ago,Full Time,Entry Level,"['· IT/Software Development', '· Engineering - Telecom/Technology']"
Django,"6th of October, Giza, Egypt",Cyparta -,27 days ago,Full Time,Entry Level,['· IT/Software Development']
Senior IOS Developer,"Cairo, Egypt",Moddakir -,1 month ago,Full Time,Experienced,['· IT/Software Development']
Senior Devops Engineer,"Heliopolis, Cairo, Egypt",Trufla -,1 month ago,Full Time,Experienced,"['· IT/Software Development', '· Engineering - Telecom/Technology']"
AI Technical Lead,"Maadi, Cairo, Egypt",TensorGraph -,29 days ago,Full Time,Manager,"['· IT/Software Development', '· Engineering - Telecom/Technology']"
HSE Specialist,"6th of October, Giza, Egypt",Dorra Group -,29 days ago,Full Time,Senior Management,['· Other']
IT Manager,"10th of Ramadan City, Cairo, Egypt",Morcos -,1 month ago,Full Time,Manager,"['· IT/Software Development', '· Engineering - Telecom/Technology']"
IT Help Desk Specialist,"Alsadat City, Monufya, Egypt",Nile Wood -,1 month ago,Full Time,Experienced,"['· Installation/Maintenance/Repair', '· IT/Software Development']"
Senior Java Developer (Backend - Banking),"Cairo, Egypt",TRIMETIS -,1 month ago,"Full Time
Work From Home",Experienced,"['· IT/Software Development', '· Engineering - Telecom/Technology']"
Backend Developer (Node.js),"Nasr City, Cairo, Egypt",Nadeer -,28 days ago,Full Time,Experienced,"['· IT/Software Development', '· Engineering - Telecom/Technology']"
Tech Led / Technical Team Leader,"Dokki, Giza, Egypt",Refilex -,30 days ago,Full Time,Manager,"['· IT/Software Development', '· Engineering - Telecom/Technology', '· Engineering - Mechanical/Electrical']"
Senior Front-End Angular Developer,"Sheikh Zayed, Giza, Egypt",Shezlong -,1 month ago,Full Time,Experienced,"['· Installation/Maintenance/Repair', '· IT/Software Development', '· Engineering - Telecom/Technology']"
Senior Odoo Implementer,"Nasr City, Cairo, Egypt",National Technology -,1 month ago,Full Time,Experienced,"['· Accounting/Finance', '· IT/Software Development', '· Engineering - Telecom/Technology']"
React Native Developer,"New Cairo, Cairo, Egypt",Yespays -,1 month ago,"Full Time
Part Time",Experienced,"['· Creative/Design/Art', '· IT/Software Development', '· Engineering - Telecom/Technology']"
Agriculture Engineer,"Madinaty, Cairo, Egypt",Confidential -,1 month ago,Full Time,Experienced,"['· R&D/Science', '· Engineering - Other']"
Senior Java Software Developer,"Maadi, Cairo, Egypt",FlairsTech -,29 days ago,Full Time,Experienced,"['· IT/Software Development', '· Engineering - Telecom/Technology']"
Business Analyst,"Cairo, Egypt",Youxel -,29 days ago,Full Time,Experienced,"['· IT/Software Development', '· Analyst/Research', '· Engineering - Telecom/Technology']"
Senior Information Security Engineer,"Giza, Egypt",ITIDA -,29 days ago,Full Time,Experienced,"['· IT/Software Development', '· Engineering - Telecom/Technology']"
IT Specialist,"Bourj Alarab, Alexandria, Egypt",Evyap Egypt -,29 days ago,Full Time,Experienced,['· IT/Software Development']
Senior Back-end Developer,"New Cairo, Cairo, Egypt",Orion -,1 month ago,Full Time,Experienced,"['· IT/Software Development', '· Engineering - Telecom/Technology']"
Regulatory Affairs Specialist,"Cairo, Egypt",Confidential -,1 month ago,Full Time,Experienced,"['· Administration', '· R&D/Science', '· Medical/Healthcare']"
Technology Lead (Part-time),"Riyadh, Saudi Arabia",TeleBuild -,1 month ago,"Part Time
Freelance / Project
Work From Home",Manager,"['· IT/Software Development', '· Engineering - Telecom/Technology']"
Senior Cyber Security Officer,"Heliopolis, Cairo, Egypt",Confidential -,1 month ago,Full Time,Manager,"['· Installation/Maintenance/Repair', '· IT/Software Development', '· Engineering - Telecom/Technology']"
Materials Engineer,"Abu Rawash, Giza, Egypt",Mobica -,1 month ago,Full Time,Experienced,['· Manufacturing/Production']
Oracle Database Administrator,"New Capital, Cairo, Egypt",Easy System -,2 months ago,"Full Time
Part Time",Experienced,"['· Installation/Maintenance/Repair', '· IT/Software Development', '· Engineering - Telecom/Technology']"
Senior Python Developer,"Heliopolis, Cairo, Egypt",Trufla -,1 month ago,Full Time,Experienced,"['· IT/Software Development', '· Engineering - Telecom/Technology']"
IT Manager,"Dokki, Giza, Egypt",Melco-Mec Egypt for Elevators & Escalators - Mitsubishi -,1 month ago,Full Time,Manager,"['· IT/Software Development', '· Project/Program Management', '· Engineering - Telecom/Technology']"
IT Administrator,"Cairo, Egypt",Decorama -,1 month ago,Full Time,Experienced,"['· Administration', '· IT/Software Development']"
Senior IT - Alexandria.,"Bourj Alarab, Alexandria, Egypt",Rubyred Garment -,1 month ago,Full Time,Experienced,"['· IT/Software Development', '· Engineering - Telecom/Technology']"
IT Infrastructure Engineer,"New Cairo, Cairo, Egypt",Blue Ribbon -,1 month ago,Full Time,Experienced,"['· IT/Software Development', '· Engineering - Telecom/Technology']"
Drupal Developer,"Cairo, Egypt",42 Group -,1 month ago,Part Time,Experienced,"['· IT/Software Development', '· Engineering - Telecom/Technology']"
Senior Magento Developer,"Cairo, Egypt",Bazzarry For Treading -,1 month ago,"Full Time
Work From Home",Experienced,"['· Business Development', '· IT/Software Development', '· Engineering - Telecom/Technology']"
Senior Java Developer,"Nasr City, Cairo, Egypt",RawafedTech -,1 month ago,"Full Time
Work From Home",Experienced,['· IT/Software Development']
Microsoft Dynamics AX/365 Techno Functional Specialist,"6th of October, Giza, Egypt",Logistica -,1 month ago,Full Time,Entry Level,"['· IT/Software Development', '· Engineering - Telecom/Technology']"
Software Developer,"Maadi, Cairo, Egypt",Spinneys Egypt -,1 month ago,Full Time,Experienced,"['· IT/Software Development', '· Engineering - Telecom/Technology']"
Quality Control Specialist,"10th of Ramadan City, Sharqia, Egypt",El Mohandess Print House -,1 month ago,Full Time,Entry Level,"['· Manufacturing/Production', '· Quality']"
Senior Flutter Developer,"Nasr City, Cairo, Egypt",DEVOPSolution -,1 month ago,Full Time,Experienced,"['· IT/Software Development', '· Engineering - Telecom/Technology']"
Senior Devops Engineer,"Nasr City, Cairo, Egypt",Confidential -,1 month ago,"Full Time
Work From Home",Experienced,['· IT/Software Development']
"Full Stack Developer (.NET core , Angular 8+)","Nasr City, Cairo, Egypt",Smart IT -,1 month ago,Full Time,Experienced,"['· IT/Software Development', '· Engineering - Telecom/Technology']"
Software Engineer,"Dokki, Giza, Egypt",Confidential -,1 month ago,Full Time,Experienced,"['· IT/Software Development', '· Marketing/PR/Advertising', '· Engineering - Telecom/Technology']"
Junior PHP Developer,"Sidi Bishr, Alexandria, Egypt",Confidential -,1 month ago,Full Time,Entry Level,"['· IT/Software Development', '· Engineering - Telecom/Technology']"
Quality Assurance Analyst,"6th of October, Giza, Egypt",Globaction -,1 month ago,Full Time,Experienced,"['· R&D/Science', '· Quality', '· Analyst/Research']"
Artificial Intelligence Engineer,"Cairo, Egypt",Arabia for Information Technology -,1 month ago,Full Time,Experienced,"['· IT/Software Development', '· Engineering - Telecom/Technology']"
It Security & Network admin,"6th of October, Giza, Egypt",El-Sewedy Electrometer -,1 month ago,Full Time,Entry Level,['· IT/Software Development']
SAP SD Consultant,"Mohandessin, Giza, Egypt",Arabiat -,1 month ago,Full Time,Experienced,['· IT/Software Development']
IT Manager,"Maadi, Cairo, Egypt",Confidential -,1 month ago,Full Time,Manager,['· IT/Software Development']
Solution Specialist (Ax Developer),"Maadi, Cairo, Egypt",Premier Services and Recruitment Overseas -,1 month ago,Full Time,Experienced,['· IT/Software Development']
Senior Full Stack Developer (.NET),"Nasr City, Cairo, Egypt",DEVOPSolution -,1 month ago,Full Time,Experienced,"['· IT/Software Development', '· Engineering - Telecom/Technology']"
iOS Developer,"Heliopolis, Cairo, Egypt",Restart Technology -,1 month ago,Full Time,Experienced,"['· IT/Software Development', '· Engineering - Telecom/Technology']"
Operations Manager ( Multinational logistics company ),"Cairo, Egypt",Pillars -,1 month ago,Full Time,Experienced,"['· Administration', '· Operations/Management', '· Analyst/Research']"
Senior BI Developer,"Sheikh Zayed, Giza, Egypt",Lumin -,2 months ago,Full Time,Experienced,"['· IT/Software Development', '· Engineering - Telecom/Technology']"
ERP Functional Support,"Katameya, Cairo, Egypt",Egypt Bakery Stores -,1 month ago,Full Time,Experienced,"['· IT/Software Development', '· Engineering - Telecom/Technology']"
Junior Application Consultant- ERP,"Cairo, Egypt",Rednet It Services -,1 month ago,Full Time,Entry Level,"['· IT/Software Development', '· Project/Program Management', '· Engineering - Telecom/Technology']"
Senior ERP Application Consultant,"Cairo, Egypt",Rednet It Services -,1 month ago,Full Time,Experienced,"['· Accounting/Finance', '· IT/Software Development', '· Engineering - Telecom/Technology']"
IT Manager,"New Cairo, Cairo, Egypt",Confidential -,1 month ago,Full Time,Manager,"['· Installation/Maintenance/Repair', '· IT/Software Development', '· Engineering - Telecom/Technology']"
Quality Inspector,"Obour City, Cairo, Egypt",IMUT International Marathon United Technology -,1 month ago,Full Time,Experienced,"['· R&D/Science', '· Quality']"
full stack Java and angular leader,"Heliopolis, Cairo, Egypt",DIRAC SYSTEMS -,1 month ago,Full Time,Experienced,"['· IT/Software Development', '· Engineering - Telecom/Technology']"
Odoo Developer and Consultant,"Jeddah, Saudi Arabia",Confidential -,1 month ago,Full Time,Experienced,"['· Business Development', '· IT/Software Development']"
Front End Developer - Vue JS,"6th of October, Giza, Egypt",Perfect Presentation -,1 month ago,Full Time,Experienced,"['· IT/Software Development', '· Engineering - Telecom/Technology']"
Senior IOS developer,"New Cairo, Cairo, Egypt",STC Solutions - Egypt -,1 month ago,Full Time,Experienced,['· IT/Software Development']
Senior Android Developer (Med-Level),"Fleming, Alexandria, Egypt",Madar Soft -,1 month ago,"Full Time
Work From Home",Experienced,"['· IT/Software Development', '· Engineering - Telecom/Technology']"
Trevipay| Senior Software Testing Engineer - El Gouna,"Hurghada, Red Sea, Egypt",Kalasko -,1 month ago,Full Time,Experienced,"['· IT/Software Development', '· Quality', '· Engineering - Telecom/Technology']"
Quality Control Engineer,"Obour City, Cairo, Egypt",Alghanim Agri -,1 month ago,Full Time,Entry Level,"['· Manufacturing/Production', '· Quality', '· Engineering - Other']"
Senior iOS Developer,"New Cairo, Cairo, Egypt",CST Systems -,1 month ago,Full Time,Experienced,"['· IT/Software Development', '· Engineering - Telecom/Technology']"
IT section Head,"10th of Ramadan City, Sharqia, Egypt",Al monairy -,1 month ago,Full Time,Experienced,['· IT/Software Development']
IT Analyst,"Cairo, Egypt",Air Arabia -,1 month ago,Full Time,Experienced,"['· IT/Software Development', '· Analyst/Research', '· Engineering - Telecom/Technology']"
IT Manager,"Nasr City, Cairo, Egypt",Confidential -,1 month ago,Full Time,Manager,"['· IT/Software Development', '· Project/Program Management', '· Engineering - Telecom/Technology']"
Full Stack Developer,"Nasr City, Cairo, Egypt",UNIFI Solutions -,2 months ago,Full Time,Entry Level,"['· IT/Software Development', '· Engineering - Telecom/Technology']"
Quality Control Engineer ( Multinational Logistics company),"Cairo, Egypt",Pillars -,1 month ago,Full Time,Experienced,"['· IT/Software Development', '· Logistics/Supply Chain', '· Quality']"
Business Analyst ( Multinational Logistics company),"Cairo, Egypt",Pillars -,1 month ago,Full Time,Experienced,"['· IT/Software Development', '· Analyst/Research', '· Engineering - Telecom/Technology']"
"Team Leader / Senior Full Stack, PHP, Drupal Developer","Nasr City, Cairo, Egypt",Orange Studio -,1 month ago,Full Time,Experienced,"['· IT/Software Development', '· Engineering - Telecom/Technology']"
SharePoint EPM,"Amman, Jordan",RMG -,1 month ago,Full Time,Experienced,"['· Installation/Maintenance/Repair', '· IT/Software Development', '· Engineering - Telecom/Technology']"
Business Analyst,"Nasr City, Cairo, Egypt",Keys Group Services -,2 months ago,Full Time,Experienced,"['· IT/Software Development', '· Analyst/Research', '· Engineering - Telecom/Technology']"
Senior .NET Full Stack Developer (.NET Core & Angular),"Sheikh Zayed, Giza, Egypt",Lumin -,1 month ago,Full Time,Experienced,"['· IT/Software Development', '· Engineering - Telecom/Technology']"
System Administrator (Retail) - (ERP system),"6th of October, Giza, Egypt",Confidential -,1 month ago,Full Time,Experienced,"['· Installation/Maintenance/Repair', '· IT/Software Development', '· Engineering - Telecom/Technology']"
Python and Javascript Machine Learning Engineer (NLP - Natural Language Processing),"Cairo, Egypt",GetTechForce.com -,1 month ago,"Full Time
Work From Home",Experienced,"['· IT/Software Development', '· Engineering - Telecom/Technology', '· Engineering - Other']"
Security Engineer,"Giza, Egypt",Link Datacenter -,1 month ago,Full Time,Experienced,"['· IT/Software Development', '· Engineering - Telecom/Technology']"
Senior Ruby On Rails Developer - Remote,"Cairo, Egypt",GetTechForce.com -,1 month ago,"Full Time
Work From Home",Experienced,"['· IT/Software Development', '· Engineering - Telecom/Technology']"
Business Application Development Technical Lead (Magento Expert),"6th of October, Giza, Egypt",Seoudi Supermarket -,1 month ago,Full Time,Experienced,"['· Business Development', '· IT/Software Development', '· Engineering - Telecom/Technology']"
Software Project Manager,"Hadayek Alahram, Giza, Egypt",National Data Management -,1 month ago,Full Time,Experienced,['· IT/Software Development']
Software Tester,"Nasr City, Cairo, Egypt",SATA Group -,1 month ago,Full Time,Experienced,"['· IT/Software Development', '· Engineering - Telecom/Technology']"
Senior System Administrator,"10th of Ramadan City, Cairo, Egypt",Kandil Industries -,1 month ago,Full Time,Experienced,"['· Installation/Maintenance/Repair', '· IT/Software Development', '· Engineering - Telecom/Technology']"
Oracle Fusion Developer,"Maadi, Cairo, Egypt",Centro CDX -,1 month ago,Full Time,Experienced,"['· Installation/Maintenance/Repair', '· IT/Software Development', '· Engineering - Telecom/Technology']"
Senior Full Stack .NET Developer,"Heliopolis, Cairo, Egypt",Gadtech-eg -,1 month ago,Full Time,Experienced,"['· IT/Software Development', '· Engineering - Telecom/Technology']"
Senior Embedded System Engineer,"6th of October, Giza, Egypt",Confidential -,1 month ago,Full Time,Experienced,"['· IT/Software Development', '· Manufacturing/Production', '· Engineering - Telecom/Technology']"
SAP Consultant,"Dokki, Giza, Egypt",MB for Engineering -,2 months ago,Full Time,Experienced,"['· IT/Software Development', '· Analyst/Research', '· Engineering - Telecom/Technology']"
Information Security Analyst,"New Cairo, Cairo, Egypt",Confidential -,1 month ago,Full Time,Experienced,"['· IT/Software Development', '· Engineering - Telecom/Technology']"
Dynamics AX/365 Functionalist/Technical Specialist,"6th of October, Giza, Egypt",Al-Nasser -,1 month ago,Full Time,Experienced,"['· IT/Software Development', '· Engineering - Telecom/Technology']"
.NET Full Stack,"Mohandessin, Giza, Egypt",Confidential -,2 months ago,Full Time,Experienced,"['· Creative/Design/Art', '· IT/Software Development', '· Engineering - Telecom/Technology']"
Senior UX Designer,"Cairo, Egypt",42 Group -,1 month ago,Full Time,Experienced,"['· Creative/Design/Art', '· IT/Software Development', '· Engineering - Telecom/Technology']"
Senior Back-End Engineer (PHP Laravel),"Maadi, Cairo, Egypt",Friendy Car -,2 months ago,Full Time,Experienced,"['· IT/Software Development', '· Engineering - Telecom/Technology']"
Junior Java Developer,"Maadi, Cairo, Egypt",Wonder Travel -,1 month ago,Full Time,Entry Level,"['· IT/Software Development', '· Engineering - Telecom/Technology']"
Senior IOS Developer,"Maadi, Cairo, Egypt",AL-Matar -,2 months ago,Full Time,Experienced,"['· IT/Software Development', '· Engineering - Telecom/Technology']"
Senior Java Backend Developer,"Maadi, Cairo, Egypt",FlairsTech -,1 month ago,Full Time,Experienced,"['· IT/Software Development', '· Engineering - Telecom/Technology']"
Senior Java Developer,"Cairo, Egypt",Bypa-ss -,2 months ago,Full Time,Experienced,"['· IT/Software Development', '· Engineering - Telecom/Technology']"
Senior Back End Engineer [ Node ] High Growth Startup - Remote,"Cairo, Egypt",Deal -,2 months ago,"Full Time
Work From Home",Experienced,"['· IT/Software Development', '· Engineering - Telecom/Technology']"
ERP Functional Support,"Smouha, Alexandria, Egypt",Dreem Mashreq Foods -,1 month ago,Full Time,Experienced,['· IT/Software Development']
Odoo Developer,"Mohandessin, Giza, Egypt",Yodawy -,2 months ago,Full Time,Experienced,"['· IT/Software Development', '· Engineering - Telecom/Technology']"
Technical Office Engineer,"Sheraton, Cairo, Egypt",Elattal Holding -,2 months ago,Full Time,Experienced,"['· Engineering - Construction/Civil/Architecture', '· Engineering - Other']"
Senior IT Specialist,"6th of October, Giza, Egypt",Confidential -,2 months ago,Full Time,Experienced,"['· Installation/Maintenance/Repair', '· IT/Software Development', '· Operations/Management']"
Support Engineer,"Cairo, Egypt",Ejada -,4 days ago,Full Time,Entry Level,['· IT/Software Development']
Senior IT Specialist,"Obour City, Cairo, Egypt",Deutschland Technology Limited -,2 months ago,Full Time,Experienced,"['· Installation/Maintenance/Repair', '· IT/Software Development']"
Android Developer,"New Cairo, Cairo, Egypt",Anspire Agency -,2 months ago,"Full Time
Work From Home",Experienced,"['· Installation/Maintenance/Repair', '· IT/Software Development', '· Engineering - Telecom/Technology']"
Senior Android Developer,"Maadi, Cairo, Egypt",AL-Matar -,2 months ago,Full Time,Experienced,['· IT/Software Development']
Sr. Mobile Developer (React Native),"Maadi, Cairo, Egypt",shop4build -,2 months ago,Full Time,Experienced,"['· IT/Software Development', '· Engineering - Telecom/Technology']"
Front End Engineer (Angular/Ionic) High Growth Startup Remote,"Cairo, Egypt",Deal -,2 months ago,"Full Time
Work From Home",Experienced,"['· IT/Software Development', '· Engineering - Telecom/Technology']"
Senior Admin Assistant,"6th of October, Giza, Egypt",Zewail City -,7 days ago,Full Time,Experienced,['· Administration']
Senior Mobile Developer (Flutter),"Nasr City, Cairo, Egypt",Dimofinf Operations Center -,2 months ago,Full Time,Experienced,"['· IT/Software Development', '· Engineering - Telecom/Technology']"
IT Section Head,"10th of Ramadan City, Sharqia, Egypt",Altawakol for Steel Fabrication & Galvanization -,2 months ago,Full Time,Experienced,['· IT/Software Development']
Payroll Officer,"6th of October, Giza, Egypt",Zewail City -,4 hours ago,Full Time,Experienced,['· Human Resources']
Senior UX/UI Designer,"Nasr City, Cairo, Egypt",Dimofinf Operations Center -,2 months ago,Full Time,Experienced,"['· Creative/Design/Art', '· IT/Software Development', '· Engineering - Telecom/Technology']"
Technical Lead,"Sheraton, Cairo, Egypt",Egabi FSI -,2 months ago,Full Time,Manager,"['· IT/Software Development', '· Engineering - Telecom/Technology']"
Senior PHP Developer,"Cairo, Egypt",Edentech -,2 months ago,Full Time,Experienced,"['· IT/Software Development', '· Engineering - Telecom/Technology']"
Backend Developer,"Cairo, Egypt",Twerlo -,2 months ago,"Full Time
Work From Home",Experienced,"['· IT/Software Development', '· Engineering - Telecom/Technology', '· Engineering - Other']"
Dot Net Developer,"Haram, Giza, Egypt",Outservingplus -,2 months ago,Full Time,Experienced,['· IT/Software Development']
IT Technical Specialist,"Garden City, Cairo, Egypt",Medicare -,2 months ago,Full Time,Experienced,"['· Installation/Maintenance/Repair', '· IT/Software Development', '· Engineering - Telecom/Technology']"
Senior Backend Developer Node Js (On site),"Dokki, Giza, Egypt",ZE LOGIC -,2 months ago,Full Time,Experienced,['· IT/Software Development']
Senior Full Stack Developer,"Nasr City, Cairo, Egypt",3S Software -,2 months ago,Full Time,Experienced,"['· Installation/Maintenance/Repair', '· IT/Software Development', '· Engineering - Telecom/Technology']"
Full Stack Developer,"Nasr City, Cairo, Egypt",3S Software -,2 months ago,Full Time,Experienced,"['· Installation/Maintenance/Repair', '· IT/Software Development', '· Engineering - Telecom/Technology']"
Growth Manager,"Maadi, Cairo, Egypt",Raya Distribution -,18 days ago,Full Time,Experienced,['· Operations/Management']
"IT, security, infrastructure engineer","Smart Village, Giza, Egypt",Confidential -,2 months ago,Full Time,Experienced,"['· Installation/Maintenance/Repair', '· IT/Software Development', '· Engineering - Telecom/Technology']"
Medical Project Officer - Alexandria,"Alexandria, Egypt",Caduceus Lane -,8 days ago,Full Time,Entry Level,"['· Medical/Healthcare', '· Project/Program Management', '· Pharmaceutical']"
Java Developer,"Cairo, Egypt",Target Recruitment & HR Solutions -,14 days ago,Full Time,Experienced,['· IT/Software Development']
Intellectual Property/Patent Engineer,"Banha, Qalubia, Egypt",Elaraby Group -,11 days ago,Full Time,Entry Level,"['· R&D/Science', '· Analyst/Research', '· Engineering - Mechanical/Electrical']"
SAP Development Manager,"Abu Rawash, Giza, Egypt",Partner & More -,2 days ago,Full Time,Experienced,['· IT/Software Development']
ERP Application Software Develper,"Linz, Austria",Aschl Management Systems -,9 days ago,"Full Time
Work From Home",Experienced,['· IT/Software Development']
Senior Full Stack Developer 22005,"Cairo, Egypt",Ditech Egypt -,2 months ago,Full Time,Experienced,"['· IT/Software Development', '· Engineering - Telecom/Technology']"
Senior Consultant - Oracle (Database expert),"New Cairo, Cairo, Egypt",Efada Technology -,2 months ago,Full Time,Experienced,"['· IT/Software Development', '· Engineering - Telecom/Technology']"
Senior Security Engineer,"New Cairo, Cairo, Egypt",Global Brands -,7 days ago,"Full Time
Work From Home",Experienced,"['· IT/Software Development', '· Engineering - Telecom/Technology', '· Engineering - Mechanical/Electrical']"
IT Engineer,"Bourj Alarab, Alexandria, Egypt",ABCO Group -,2 months ago,Full Time,Experienced,"['· Installation/Maintenance/Repair', '· IT/Software Development', '· Engineering - Telecom/Technology']"
C++ Unreal Engine Developer,"San Stefano, Alexandria, Egypt",Söderhub -,9 days ago,"Full Time
Work From Home",Experienced,['· IT/Software Development']
Senior React Native Developer,"Nasr City, Cairo, Egypt",Our Education -,2 months ago,Full Time,Experienced,"['· Creative/Design/Art', '· IT/Software Development', '· Engineering - Telecom/Technology']"
Senior .NET Developer,"Riyadh, Saudi Arabia",SiFi -,10 days ago,Full Time,Experienced,['· IT/Software Development']
Odoo Developer,"Cairo, Egypt",Arabia for Information Technology -,10 days ago,Full Time,Experienced,"['· IT/Software Development', '· Engineering - Telecom/Technology']"
Quality Control Engineer - Software Testing,"Dokki, Giza, Egypt",Caelum Egypt -,2 months ago,Full Time,Experienced,"['· IT/Software Development', '· Quality', '· Engineering - Telecom/Technology']"
Odoo Developer and Consultant,"Jeddah, Saudi Arabia",Maastrak -,2 months ago,Full Time,Experienced,"['· Business Development', '· IT/Software Development']"
Software Engineer - Backend (Laravel / PHP),"Nasr City, Cairo, Egypt",Confidential -,21 days ago,Full Time,Experienced,['· Engineering - Telecom/Technology']
Odoo Functional Consultant,"Nasr City, Cairo, Egypt",Smart Technologies -,14 days ago,Full Time,Experienced,"['· Accounting/Finance', '· IT/Software Development']"
Software Test Engineer,"New Cairo, Cairo, Egypt",Premier Services and Recruitment -,2 months ago,Full Time,Experienced,"['· IT/Software Development', '· Engineering - Telecom/Technology']"
System Administrator,"Maadi, Cairo, Egypt",Crevisoft Corporation -,2 months ago,Full Time,Experienced,['· IT/Software Development']
Senior Full-stack Software Engineer (Ionic / .Netcore ),"New Cairo, Cairo, Egypt",Confidential -,8 minutes ago,"Full Time
Part Time
Freelance / Project",Experienced,"['· IT/Software Development', '· Project/Program Management', '· Sports and Leisure']"
Technical Dynamics Consultant,"Cairo, Egypt",Pillars -,2 months ago,Full Time,Entry Level,"['· IT/Software Development', '· Engineering - Telecom/Technology']"
.Net Core/ Angular Full Stack developer,"Sheraton, Cairo, Egypt",Manzoma -,17 days ago,Full Time,Experienced,['· IT/Software Development']
Senior PHP Developer (Laravel),"Nasr City, Cairo, Egypt",Our Education -,2 months ago,Full Time,Experienced,"['· IT/Software Development', '· Engineering - Telecom/Technology']"
HSE Manager - Menofia,"Alsadat City, Monufya, Egypt",Uniboard -,2 months ago,Full Time,Manager,"['· R&D/Science', '· Quality', '· Engineering - Other']"
Senior React Native Developer,"Cairo, Egypt",TRIMETIS -,2 months ago,"Full Time
Work From Home",Experienced,"['· IT/Software Development', '· Engineering - Telecom/Technology']"
IT System Engineer / Dell servers - VMware,"New Cairo, Cairo, Egypt",Efada Technology -,2 months ago,Full Time,Experienced,"['· IT/Software Development', '· Engineering - Telecom/Technology']"
Technical Manager (Java),"Maadi, Cairo, Egypt",SSC Egypt -,2 months ago,Full Time,Manager,"['· IT/Software Development', '· Engineering - Telecom/Technology']"
Flutter Developer,"Cairo, Egypt",Nahr Development -,21 days ago,Full Time,Experienced,"['· IT/Software Development', '· Engineering - Telecom/Technology']"
PHP Developer,"Nasr City, Cairo, Egypt",Dimofinf Operations Center -,2 months ago,Full Time,Experienced,"['· IT/Software Development', '· Engineering - Telecom/Technology']"
IT Supervisor,"New Cairo, Cairo, Egypt",Times Development -,2 months ago,Full Time,Experienced,"['· IT/Software Development', '· Operations/Management', '· Engineering - Telecom/Technology']"
Software Engineer,"Cairo, Egypt",Confidential -,2 months ago,Full Time,Entry Level,"['· IT/Software Development', '· Engineering - Telecom/Technology', '· Engineering - Other']"
Odoo Telesales Specialist,"New Cairo, Cairo, Egypt",OdooTec -,18 days ago,Full Time,Experienced,"['· IT/Software Development', '· Marketing/PR/Advertising', '· Sales/Retail']"
Mechanical Sale Engineer,"Cairo, Egypt",Confidential -,17 hours ago,Full Time,Experienced,"['· Marketing/PR/Advertising', '· Sales/Retail', '· Engineering - Mechanical/Electrical']"
Help Desk Specialist,"Heliopolis, Cairo, Egypt",Al Amin Technological Systems -,22 hours ago,Full Time,Experienced,"['· Installation/Maintenance/Repair', '· IT/Software Development']"
Senior Software Developer (Java),"6th of October, Giza, Egypt",Aman -,2 days ago,Full Time,Experienced,"['· IT/Software Development', '· Engineering - Telecom/Technology']"
Test Lead,"Cairo, Egypt",Agile Technologies -,3 days ago,Full Time,Manager,['· Quality']
HSE Supervisor,"New Cairo, Cairo, Egypt",Blue Ribbon -,23 hours ago,Full Time,Experienced,"['· R&D/Science', '· Quality', '· Engineering - Other']"
Mechanical Engineer,"Cairo, Egypt",HTC group -,5 days ago,"Full Time
Work From Home",Entry Level,"['· Installation/Maintenance/Repair', '· Sales/Retail', '· Engineering - Mechanical/Electrical']"
Senior Software Engineer - K2,"Nasr City, Cairo, Egypt",ITWORX -,7 days ago,Full Time,Experienced,['· IT/Software Development']
Quality Assurance Specialist,"Bourj Alarab, Alexandria, Egypt",Confidential -,2 months ago,Full Time,Experienced,"['· R&D/Science', '· Quality', '· Engineering - Other']"
Odoo developer with IT background,"6th of October, Giza, Egypt",Confidential -,2 months ago,Full Time,Experienced,"['· Installation/Maintenance/Repair', '· IT/Software Development', '· Engineering - Telecom/Technology']"
Oracle Developer,"Heliopolis, Cairo, Egypt",City Stars Properties -,9 days ago,Full Time,Experienced,['· IT/Software Development']
IT Help Desk,"khanka, Qalubia, Egypt",Confidential -,2 months ago,Full Time,Experienced,"['· Installation/Maintenance/Repair', '· IT/Software Development', '· Engineering - Telecom/Technology']"
Web Developer Specialist,"Giza, Egypt",Misr Insurance Co -,9 days ago,Full Time,Experienced,"['· Business Development', '· Marketing/PR/Advertising']"
DA\BI Developer,"Giza, Egypt",Misr Insurance Co -,9 days ago,Full Time,Experienced,['· Project/Program Management']
Software Quality Engineer,"Sheraton, Cairo, Egypt",siParadigm Egypt -,2 months ago,Full Time,Experienced,"['· IT/Software Development', '· Quality', '· Engineering - Telecom/Technology']"
IT Manager ( SAP Background ),"Sheikh Zayed, Giza, Egypt",Confidential -,10 days ago,Full Time,Manager,"['· IT/Software Development', '· Project/Program Management']"
SAP Application Support Engineer,"6th of October, Giza, Egypt",Hikma Pharmaceuticals -,2 months ago,Full Time,Experienced,"['· IT/Software Development', '· Engineering - Telecom/Technology']"
SAP FICO Consultant,"New Cairo, Cairo, Egypt",ITGoals -,21 days ago,Full Time,Experienced,"['· Accounting/Finance', '· IT/Software Development', '· Engineering - Telecom/Technology']"
Senior Front End Developer / Angular,"Cairo, Egypt",Egabi FSI -,11 days ago,Full Time,Experienced,['· IT/Software Development']
Quality Specialist,"Maadi, Cairo, Egypt",Cilantro -,21 days ago,Full Time,Experienced,['· Quality']
SAP FICO Functional Consultant,"Cairo, Egypt",Julfar Consultancy Services -,2 months ago,Full Time,Experienced,"['· IT/Software Development', '· Engineering - Telecom/Technology']"
senior java EE Developer,"6th of October, Giza, Egypt",Perfect Presentation -,25 days ago,Full Time,Experienced,['· IT/Software Development']
Back-end Developer (NestJS),"Heliopolis, Cairo, Egypt",Gebhaly.com -,2 months ago,Full Time,Experienced,"['· IT/Software Development', '· Engineering - Telecom/Technology']"
IT Manager,"Mohandessin, Giza, Egypt",Confidential -,2 months ago,Full Time,Manager,['· Medical/Healthcare']
Strategic Planning Manager,"Giza, Egypt",Confidential -,25 days ago,Full Time,Manager,"['· Operations/Management', '· Project/Program Management', '· Strategy/Consulting']"
Senior Design Engineer,"Nasr City, Cairo, Egypt",Johnson Controls -,2 months ago,Full Time,Experienced,"['· Creative/Design/Art', '· Engineering - Mechanical/Electrical']"
Senior Cloud Infrastructure Architect,"Jeddah, Saudi Arabia",Ejada -,14 days ago,Full Time,Experienced,"['· Banking', '· IT/Software Development']"
Senior Backend Developer,"Mohandessin, Giza, Egypt",Confidential -,1 month ago,Full Time,Experienced,['· IT/Software Development']
Senior Computer Vision Engineer,"Cairo, Egypt",Atomica -,2 months ago,"Full Time
Work From Home",Experienced,"['· IT/Software Development', '· Engineering - Telecom/Technology']"
Cloud Engineer,"Sheikh Zayed, Giza, Egypt",Spark Systems -,2 months ago,Full Time,Experienced,"['· IT/Software Development', '· Engineering - Telecom/Technology']"
Business Intelligence Specialist,"New Cairo, Cairo, Egypt",Pyramid Poultry Co. -,24 days ago,Full Time,Experienced,"['· Business Development', '· IT/Software Development', '· Sales/Retail']"
Channels Developer,"New Cairo, Cairo, Egypt",Network International -Egypt -,24 days ago,Full Time,Experienced,['· IT/Software Development']
Sharepoint Developer,"Cairo, Egypt",AClass Solutions -,17 days ago,"Full Time
Work From Home",Entry Level,['· IT/Software Development']
Inside Sales,"Cairo, Egypt",Knowledge bridge Solutions -,17 days ago,Full Time,Experienced,"['· Customer Service/Support', '· Sales/Retail', '· Engineering - Telecom/Technology']"
IT Support Officer,"Fleming, Alexandria, Egypt",Arabian Vision -,17 days ago,Full Time,Experienced,['· IT/Software Development']
Foreign Procurement Section Head,"6th of October, Giza, Egypt",Al Andalous Pharmaceutical Industries -,17 days ago,Full Time,Experienced,"['· Logistics/Supply Chain', '· Pharmaceutical', '· Purchasing/Procurement']"
Functional Consultant,"Cairo, Egypt",Pillars -,2 months ago,Full Time,Experienced,"['· IT/Software Development', '· Engineering - Telecom/Technology']"
Technical Advisor Engineer,"Maadi, Cairo, Egypt",Confidential -,2 months ago,Full Time,Experienced,"['· Customer Service/Support', '· Engineering - Other']"
Senior Software Tester,"Maadi, Cairo, Egypt",Confidential -,2 months ago,Full Time,Experienced,"['· IT/Software Development', '· Quality', '· Engineering - Telecom/Technology']"
Senior Database Administrator,"Maadi, Cairo, Egypt",Al Ahly Momkn for e-payment -,2 months ago,Full Time,Experienced,"['· Installation/Maintenance/Repair', '· IT/Software Development', '· Engineering - Telecom/Technology']"
Mechanical Engineer,"New Cairo, Cairo, Egypt",Hyundai Rotem -,18 days ago,Full Time,Experienced,['· Engineering - Mechanical/Electrical']
Full Stack Team Lead,"Cairo, Egypt",Edentech -,2 months ago,Full Time,Manager,"['· IT/Software Development', '· Engineering - Telecom/Technology']"
software developer,"Hadayek Alahram, Giza, Egypt",National Data Management -,2 months ago,Internship,Entry Level,"['· IT/Software Development', '· Engineering - Telecom/Technology']"
Software Sales Account Manager,"Glim, Alexandria, Egypt",Bishop Integrated Solutions -,19 days ago,Full Time,Experienced,"['· Customer Service/Support', '· IT/Software Development', '· Sales/Retail']"
Profile Specialist,"Mohandessin, Giza, Egypt",Argaam -,19 days ago,Full Time,Entry Level,"['· Accounting/Finance', '· Customer Service/Support', '· Analyst/Research']"
Odoo Developer,"Cairo, Egypt",Sierra Engineering & Manufacturing -,2 months ago,Full Time,Experienced,"['· IT/Software Development', '· Engineering - Telecom/Technology']"
HSE Specialist - Haven,"6th of October, Giza, Egypt",Cleopatra Hospitals Group -,3 days ago,Full Time,Experienced,"['· R&D/Science', '· Engineering - Other']"
Flutter Developer,"6th of October, Giza, Egypt",Misr University for Science and Technology -,23 days ago,Full Time,Experienced,['· IT/Software Development']
BMC Remedy Developer,"Cairo, Egypt",Ejada -,1 month ago,Full Time,Experienced,['· IT/Software Development']
Technical Writer,"Maadi, Cairo, Egypt",Confidential -,2 months ago,Full Time,Entry Level,"['· Writing/Editorial', '· IT/Software Development', '· Engineering - Telecom/Technology']"
ERP Manager,"6th of October, Giza, Egypt",Logistica -,1 month ago,Full Time,Experienced,"['· IT/Software Development', '· Engineering - Telecom/Technology']"
Telecommunications Teacher (suez),"Suez, Egypt",NASS Academy -,2 months ago,Full Time,Experienced,"['· Engineering - Telecom/Technology', '· Education/Teaching', '· Training/Instructor']"
"ASIC Hardware Engineer - Graduate - Cairo, Egypt","Cairo, Egypt",Cisco -,2 months ago,Full Time,Entry Level,"['· IT/Software Development', '· Engineering - Telecom/Technology', '· Engineering - Mechanical/Electrical']"
SAP EAM Consultant,"New Cairo, Cairo, Egypt",ITGoals -,21 days ago,Full Time,Experienced,"['· Accounting/Finance', '· IT/Software Development']"
Product Owner/Business Analyst,"Mohandessin, Giza, Egypt",Nahdet Misr Publishing Group -,22 days ago,Full Time,Experienced,"['· IT/Software Development', '· Media/Journalism/Publishing', '· Engineering - Telecom/Technology']"
Quality Control,"New Cairo, Cairo, Egypt",Allianz -,29 days ago,Full Time,Experienced,['· IT/Software Development']
Quality Assurance Section Head,"10th of Ramadan City, Sharqia, Egypt",Confidential -,23 days ago,Full Time,Experienced,"['· R&D/Science', '· Manufacturing/Production', '· Quality']"
Senior Backend Node JS Developer,"Sheikh Zayed, Giza, Egypt",Shezlong -,30 days ago,Full Time,Experienced,['· IT/Software Development']
Senior Nodejs Developer,"New Cairo, Cairo, Egypt","Nile Bits, LLC -",1 month ago,Full Time,Experienced,['· IT/Software Development']
Senior Technical Support Engineer,"6th of October, Giza, Egypt",KUWADICO -,1 month ago,Full Time,Experienced,['· IT/Software Development']
GIS database Administrator,"6th of October, Giza, Egypt",Perfect Presentation -,1 month ago,Full Time,Experienced,['· IT/Software Development']
Product Manager,"Dokki, Giza, Egypt",intella -,25 days ago,"Full Time
Work From Home",Manager,['· IT/Software Development']
C++ Developer,"Maadi, Cairo, Egypt",OpenCode -,1 month ago,Full Time,Experienced,"['· IT/Software Development', '· Engineering - Telecom/Technology']"
Systems Business Consultant-Primavera Unifier,"New Cairo, Cairo, Egypt",Confidential -,29 days ago,Full Time,Experienced,"['· IT/Software Development', '· Analyst/Research', '· Engineering - Telecom/Technology']"
Telecom Engineer,"Maadi, Cairo, Egypt",OpenCode -,1 month ago,Full Time,Experienced,"['· IT/Software Development', '· Engineering - Telecom/Technology']"
Product Manager (Pharmaceutical) (Pedia Experience),"Obour City, Cairo, Egypt",Orchidia Pharmaceutical Industries -,1 month ago,Full Time,Manager,"['· Marketing/PR/Advertising', '· Pharmaceutical']"
Senior Automation and Manual Tester (Multinational Logistics CO.),"New Cairo, Cairo, Egypt",Pillars -,1 month ago,Full Time,Experienced,['· IT/Software Development']
ADF Developer,"New Cairo, Cairo, Egypt",Allianz -,29 days ago,Full Time,Experienced,['· IT/Software Development']
Flutter Developer,"6th of October, Giza, Egypt",Genovity -,1 month ago,Full Time,Experienced,['· IT/Software Development']
Python Developer,"New Cairo, Cairo, Egypt",Synergy Markets -,1 month ago,Freelance / Project,Manager,['· IT/Software Development']
Technical Lead,"New Cairo, Cairo, Egypt","Nile Bits, LLC -",1 month ago,Full Time,Manager,['· IT/Software Development']
Java Full Stack Developer,"Cairo, Egypt",SANTECHTURE -,1 month ago,Full Time,Experienced,['· IT/Software Development']
Mid-level Dot Net Software Developer,"Dokki, Giza, Egypt",Kick Start Interactive -,1 month ago,Full Time,Experienced,['· IT/Software Development']
IT Senior Manager,"Tanta, Gharbia, Egypt",Confidential -,1 month ago,Full Time,Manager,"['· IT/Software Development', '· Engineering - Telecom/Technology']"
Senior Integration Tester (Multinational Logistics CO.),"New Cairo, Cairo, Egypt",Pillars -,1 month ago,Full Time,Experienced,"['· IT/Software Development', '· Engineering - Telecom/Technology']"
Business Intelligence Developer,"Nasr City, Cairo, Egypt",AGG Information Technology -,1 month ago,Full Time,Experienced,['· IT/Software Development']
Full stack Developer (Django & ReactJs),"Maadi, Cairo, Egypt",Valify -,1 month ago,Full Time,Experienced,"['· IT/Software Development', '· Engineering - Telecom/Technology']"
Senior Android Developer,"New Cairo, Cairo, Egypt",STC Solutions - Egypt -,1 month ago,Full Time,Experienced,['· IT/Software Development']
Associate Product Manager,"Maadi, Cairo, Egypt",Al Ahly Momkn for e-payment -,1 month ago,Full Time,Entry Level,['· IT/Software Development']
Quality Engineer,"10th of Ramadan City, Sharqia, Egypt",Ideal Standard International Egypt -,1 month ago,Full Time,Experienced,"['· Quality', '· Engineering - Other']"
Odoo Implementer,"6th of October, Giza, Egypt",2CooM -,1 month ago,Full Time,Experienced,"['· Accounting/Finance', '· IT/Software Development']"
Process Engineer,"6th of October, Giza, Egypt",Fine Hygienic Holding -,1 month ago,Full Time,Entry Level,"['· R&D/Science', '· Manufacturing/Production', '· Engineering - Mechanical/Electrical']"
Java Backend Developer,"Cairo, Egypt",SANTECHTURE -,1 month ago,Full Time,Experienced,['· IT/Software Development']
Senior Full Stack Developer/Frontend,"Nasr City, Cairo, Egypt",Confidential -,1 month ago,"Full Time
Work From Home",Experienced,['· IT/Software Development']
GIS application analyst,"6th of October, Giza, Egypt",Perfect Presentation -,1 month ago,Full Time,Experienced,['· IT/Software Development']
Crusher & Quarry Manager,"Arar, Saudi Arabia",Al Janobi Co. For Contracting -,2 months ago,Full Time,Manager,['· Manufacturing/Production']
Tech Lead Team,"New Cairo, Cairo, Egypt",Obeikan Digital Solutions -,1 month ago,Full Time,Manager,['· IT/Software Development']
Toll Manufacturing Coordinator,"Dokki, Giza, Egypt",Semak -,1 month ago,Full Time,Experienced,"['· Manufacturing/Production', '· Pharmaceutical']"
Regulatory Affairs Specialist,"New Cairo, Cairo, Egypt",Confidential -,1 month ago,Full Time,Entry Level,['· Medical/Healthcare']
Safety Officer,"Maadi, Cairo, Egypt",TAQA Power -,1 month ago,Full Time,Experienced,"['· R&D/Science', '· Quality', '· Engineering - Mechanical/Electrical']"
Native Developer (Android),"Maadi, Cairo, Egypt",Bee Smart Payment Solutions -,2 months ago,Full Time,Experienced,"['· IT/Software Development', '· Engineering - Telecom/Technology']"
SQL Database Administrator,"Cairo, Egypt",Thales RCS -,2 months ago,Full Time,Entry Level,"['· Engineering - Telecom/Technology', '· Engineering - Other']"
Marketing Specialist,"6th of October, Giza, Egypt",La Casa Code -,2 months ago,Full Time,Experienced,"['· Business Development', '· Creative/Design/Art', '· Marketing/PR/Advertising']"
Commercial Executive,"New Cairo, Cairo, Egypt",Magnom -,2 months ago,Full Time,Experienced,"['· Engineering - Construction/Civil/Architecture', '· Business Development', '· Sales/Retail']"
